INSERT INTO users(id, email, first_name, last_name, password)
VALUES ('c708ee2a-5b19-4cf8-ab3d-bbbc923ad111', 'peter.griffin@quahog.com', 'Peter', 'Griffin','$2a$10$0Yx7DdZzLtRvBjUl8onfqOHBz6Jb4A/ARMhLTTNkBu7bUc/pwN6dy'),
       ('c708ee2a-5b19-4cf8-ab3d-bbbc923ad222', 'brian.griffin@quahog.com', 'Brian', 'Griffin','$2a$10$0Yx7DdZzLtRvBjUl8onfqOHBz6Jb4A/ARMhLTTNkBu7bUc/pwN6dy'),
       ('c708ee2a-5b19-4cf8-ab3d-bbbc923ad333', 'peter.porker@luney.com', 'Peter', 'Porker','$2a$10$0Yx7DdZzLtRvBjUl8onfqOHBz6Jb4A/ARMhLTTNkBu7bUc/pwN6dy'),
       ('c708ee2a-5b19-4cf8-ab3d-bbbc923ad444', 'han.solo@starwars.com', 'Han', 'Solo','$2a$10$0Yx7DdZzLtRvBjUl8onfqOHBz6Jb4A/ARMhLTTNkBu7bUc/pwN6dy'),
       ('c708ee2a-5b19-4cf8-ab3d-bbbc923ad555', 'eric.cartman@southpark.com', 'Eric', 'Cartman','$2a$10$0Yx7DdZzLtRvBjUl8onfqOHBz6Jb4A/ARMhLTTNkBu7bUc/pwN6dy'),
       ('c708ee2a-5b19-4cf8-ab3d-bbbc923ad666', 'rick.sanchez@dimension4.com', 'Rick', 'Sanchez','$2a$10$0Yx7DdZzLtRvBjUl8onfqOHBz6Jb4A/ARMhLTTNkBu7bUc/pwN6dy'),
       ('c708ee2a-5b19-4cf8-ab3d-bbbc923ad777', 'morty.smith@dimension4.com', 'Morty', 'Smith','$2a$10$0Yx7DdZzLtRvBjUl8onfqOHBz6Jb4A/ARMhLTTNkBu7bUc/pwN6dy'),
       ('c708ee2a-5b19-4cf8-ab3d-bbbc923ad888', 'shrek@swamp.com', 'Shrek', 'Ogre','$2a$10$0Yx7DdZzLtRvBjUl8onfqOHBz6Jb4A/ARMhLTTNkBu7bUc/pwN6dy'),
       ('c708ee2a-5b19-4cf8-ab3d-bbbc923ad999', 'donkey@swamp.com', 'Donkey', 'TheDonkey','$2a$10$0Yx7DdZzLtRvBjUl8onfqOHBz6Jb4A/ARMhLTTNkBu7bUc/pwN6dy'),
       ('c708ee2a-5b19-4cf8-ab3d-bbbc923adaaa', 'mario.bros@nintendo.com', 'Mario', 'Bros','$2a$10$0Yx7DdZzLtRvBjUl8onfqOHBz6Jb4A/ARMhLTTNkBu7bUc/pwN6dy'),
       ('c708ee2a-5b19-4cf8-ab3d-bbbc923adbbb', 'luigi.bros@nintendo.com', 'Luigi', 'Bros','$2a$10$0Yx7DdZzLtRvBjUl8onfqOHBz6Jb4A/ARMhLTTNkBu7bUc/pwN6dy'),
       ('c708ee2a-5b19-4cf8-ab3d-bbbc923adccc', 'bob.sponge@bikinibottom.com', 'SpongeBob', 'SquarePants','$2a$10$0Yx7DdZzLtRvBjUl8onfqOHBz6Jb4A/ARMhLTTNkBu7bUc/pwN6dy'),
       ('c708ee2a-5b19-4cf8-ab3d-bbbc923adddd', 'patrick.star@bikinibottom.com', 'Patrick', 'Star','$2a$10$0Yx7DdZzLtRvBjUl8onfqOHBz6Jb4A/ARMhLTTNkBu7bUc/pwN6dy'),
       ('c708ee2a-5b19-4cf8-ab3d-bbbc923adeee', 'thomas.shelby@peakyblinders.com', 'Thomas', 'Shelby','$2a$10$0Yx7DdZzLtRvBjUl8onfqOHBz6Jb4A/ARMhLTTNkBu7bUc/pwN6dy'),
       ('c708ee2a-5b19-4cf8-ab3d-bbbc923adfff', 'gru@despicable.me', 'Felonius', 'Gru','$2a$10$0Yx7DdZzLtRvBjUl8onfqOHBz6Jb4A/ARMhLTTNkBu7bUc/pwN6dy'),
       ('c708ee2a-5b19-4cf8-ab3d-bbbc923ae999', 'arthur.fleck@joker.com', 'Arthur', 'Fleck','$2a$10$0Yx7DdZzLtRvBjUl8onfqOHBz6Jb4A/ARMhLTTNkBu7bUc/pwN6dy'),
       ('c708ee2a-5b19-4cf8-ab3d-bbbc923ad000', 'walter.white@breakingbad.com', 'Walter', 'White','$2a$10$0Yx7DdZzLtRvBjUl8onfqOHBz6Jb4A/ARMhLTTNkBu7bUc/pwN6dy'),
       ('c708ee2a-5b19-4cf8-ab3d-bbbc923adabc', 'jesse.pinkman@breakingbad.com', 'Jesse', 'Pinkman','$2a$10$0Yx7DdZzLtRvBjUl8onfqOHBz6Jb4A/ARMhLTTNkBu7bUc/pwN6dy'),
       ('c708ee2a-5b19-4cf8-ab3d-bbbc923ad123', 'baby.yoda@mandalorian.com', 'Grogu', 'BabyYoda','$2a$10$0Yx7DdZzLtRvBjUl8onfqOHBz6Jb4A/ARMhLTTNkBu7bUc/pwN6dy'),
       ('c708ee2a-5b19-4cf8-ab3d-bbbc923ad321', 'goku@dragonball.com', 'Son', 'Goku','$2a$10$0Yx7DdZzLtRvBjUl8onfqOHBz6Jb4A/ARMhLTTNkBu7bUc/pwN6dy');

INSERT INTO housing_communities(id, name, location, owner_id)
VALUES ('4c2d099b-d134-48fa-b054-4814d2f1c111', 'Atal Oporów', 'Wroclaw', 'c708ee2a-5b19-4cf8-ab3d-bbbc923ad111'),
       ('4c2d099b-d134-48fa-b054-4814d2f1c222', 'Psie Pole', 'Wroclaw', 'c708ee2a-5b19-4cf8-ab3d-bbbc923ad222'),
       ('4c2d099b-d134-48fa-b054-4814d2f1c333', 'Klecina', 'Wroclaw', 'c708ee2a-5b19-4cf8-ab3d-bbbc923ad333');

INSERT INTO residents(user_id, housing_community_id)
VALUES ('c708ee2a-5b19-4cf8-ab3d-bbbc923ad444', '4c2d099b-d134-48fa-b054-4814d2f1c111'),
       ('c708ee2a-5b19-4cf8-ab3d-bbbc923ad555', '4c2d099b-d134-48fa-b054-4814d2f1c111'),
       ('c708ee2a-5b19-4cf8-ab3d-bbbc923ad666', '4c2d099b-d134-48fa-b054-4814d2f1c111'),
       ('c708ee2a-5b19-4cf8-ab3d-bbbc923ad777', '4c2d099b-d134-48fa-b054-4814d2f1c111'),
       ('c708ee2a-5b19-4cf8-ab3d-bbbc923ad888', '4c2d099b-d134-48fa-b054-4814d2f1c111'),
       ('c708ee2a-5b19-4cf8-ab3d-bbbc923ad999', '4c2d099b-d134-48fa-b054-4814d2f1c111'),
       ('c708ee2a-5b19-4cf8-ab3d-bbbc923adaaa', '4c2d099b-d134-48fa-b054-4814d2f1c111'),

       ('c708ee2a-5b19-4cf8-ab3d-bbbc923adbbb', '4c2d099b-d134-48fa-b054-4814d2f1c222'),
       ('c708ee2a-5b19-4cf8-ab3d-bbbc923adccc', '4c2d099b-d134-48fa-b054-4814d2f1c222'),
       ('c708ee2a-5b19-4cf8-ab3d-bbbc923adddd', '4c2d099b-d134-48fa-b054-4814d2f1c222'),
       ('c708ee2a-5b19-4cf8-ab3d-bbbc923adeee', '4c2d099b-d134-48fa-b054-4814d2f1c222'),

       ('c708ee2a-5b19-4cf8-ab3d-bbbc923adfff', '4c2d099b-d134-48fa-b054-4814d2f1c111'),
       ('c708ee2a-5b19-4cf8-ab3d-bbbc923ae999', '4c2d099b-d134-48fa-b054-4814d2f1c111'),
       ('c708ee2a-5b19-4cf8-ab3d-bbbc923ad000', '4c2d099b-d134-48fa-b054-4814d2f1c111'),
       ('c708ee2a-5b19-4cf8-ab3d-bbbc923adabc', '4c2d099b-d134-48fa-b054-4814d2f1c111'),
       ('c708ee2a-5b19-4cf8-ab3d-bbbc923ad123', '4c2d099b-d134-48fa-b054-4814d2f1c111'),
       ('c708ee2a-5b19-4cf8-ab3d-bbbc923ad321', '4c2d099b-d134-48fa-b054-4814d2f1c111');

INSERT INTO resolutions(id, housing_community_id, title, content, deadline, quorum, deleted)
VALUES  ('c991e197-d918-4f02-bd00-9a66c69d1555', '4c2d099b-d134-48fa-b054-4814d2f1c111', 'Atal - Uchwala numer 1', '## Lorem ipsum dolor sit amet

Lorem ipsum dolor sit amet, consectetur adipiscing elit. Integer dapibus luctus est sed placerat. Phasellus vitae
feugiat nulla. Aenean nisl quam, hendrerit pulvinar enim in, sagittis eleifend magna. Curabitur in dolor eros. Duis ac
mauris sed massa pellentesque fermentum id ac quam:
- Pellentesque accumsan purus sed sollicitudin posuere.
- Suspendisse ac nibh ac metus bibendum consectetur et commodo ante.
- Etiam ac enim eget enim gravida efficitur non quis turpis.
- Sed eleifend mi eget velit bibendum, a bibendum augue auctor.
- Proin sed tempor tellus.

### Ut nisi sem, pharetra ullamcorper commodo eget
Ut nisi sem, pharetra ullamcorper commodo eget, pulvinar egestas risus. Nullam eleifend, ipsum et pellentesque ornare,
velit purus volutpat nisi, non cursus orci nunc non sem. Vestibulum ante ipsum primis in faucibus orci luctus et
ultrices posuere cubilia curae; Curabitur venenatis auctor dignissim. Aliquam ut lacus erat. Sed eget metus quis lectus
congue scelerisque in vitae neque. Phasellus nec orci nec nisl facilisis semper quis consectetur diam. Vivamus imperdiet
dui sed justo condimentum, id sagittis leo tincidunt. Proin venenatis nibh et nulla vehicula ultricies. Nam blandit
libero id sem tempor ornare. Quisque ipsum ex, congue at tempus ac, convallis vel risus. Nulla facilisi.

### Ut euismod blandit massa quis malesuada
Ut euismod blandit massa quis malesuada. Pellentesque condimentum at ex eu venenatis. Quisque maximus nibh quis tellus
sodales dictum. Vestibulum feugiat lacinia purus, at suscipit elit sollicitudin a. In arcu lacus, ultricies et
scelerisque et, fermentum non dolor. Pellentesque vel nunc nisi. Fusce porttitor nunc lectus, a molestie ante placerat
quis. Fusce pulvinar tincidunt metus et aliquam. Etiam a orci non urna molestie mattis. Donec sed posuere risus. Nullam
ac bibendum ipsum. Ut a volutpat velit.

### Nullam rutrum mauris quis mattis placerat
Nullam rutrum mauris quis mattis placerat. Vestibulum ante ipsum primis in faucibus orci luctus et ultrices posuere
cubilia curae; Fusce vestibulum luctus urna eu blandit. Quisque ornare iaculis lacus, id sodales orci volutpat vitae.
Vestibulum nunc sapien, eleifend id vulputate dapibus, rutrum at odio. Cras vulputate lacus eu ornare ultrices. Quisque
finibus non neque sit amet aliquet. Nam eu mi laoreet, finibus lectus vitae, aliquam dui. Morbi interdum risus sit amet
neque sollicitudin, at tincidunt ligula cursus. Mauris eu sem ac ex accumsan volutpat sed ac metus. Praesent finibus dui
lectus, ac pellentesque felis placerat ac. Aenean dignissim nunc ac risus lacinia, sed viverra ipsum varius. Proin enim
leo, luctus nec volutpat vel, varius vel nulla. Praesent nec justo ligula. Praesent tincidunt fermentum dolor, nec
accumsan tellus luctus non.

### Aliquam erat volutpat
Aliquam erat volutpat. Morbi dapibus mi id justo commodo gravida. Quisque quam sapien, porttitor nec tempus sed,
consequat vitae enim. Proin volutpat pulvinar libero, eu faucibus ligula eleifend at. Praesent aliquet luctus libero, in
semper augue blandit eu. Sed pharetra molestie arcu, in accumsan justo malesuada a. In hac habitasse platea dictumst.
Suspendisse quis mi lacus. Pellentesque eget risus dapibus libero dictum molestie. Donec a tempor tellus. Curabitur
imperdiet, erat ornare faucibus varius, libero turpis vulputate justo, in luctus orci augue eu orci. Nulla vitae sapien
sed eros facilisis fringilla. Nullam eu ligula convallis, pharetra felis eu, ultricies urna. Etiam orci orci, laoreet
vitae quam ac, elementum dapibus enim. Suspendisse potenti. Ut pharetra neque dui, id feugiat tortor congue in.', '2025-01-10 23:59:00', 7, FALSE),
        ('c991e197-d918-4f02-bd00-9a66c69d1666', '4c2d099b-d134-48fa-b054-4814d2f1c111', 'Atal - Uchwala numer 2', '## Lorem ipsum dolor sit amet

Lorem ipsum dolor sit amet, consectetur adipiscing elit. Integer dapibus luctus est sed placerat. Phasellus vitae
feugiat nulla. Aenean nisl quam, hendrerit pulvinar enim in, sagittis eleifend magna. Curabitur in dolor eros. Duis ac
mauris sed massa pellentesque fermentum id ac quam:
- Pellentesque accumsan purus sed sollicitudin posuere.
- Suspendisse ac nibh ac metus bibendum consectetur et commodo ante.
- Etiam ac enim eget enim gravida efficitur non quis turpis.
- Sed eleifend mi eget velit bibendum, a bibendum augue auctor.
- Proin sed tempor tellus.

### Ut nisi sem, pharetra ullamcorper commodo eget
Ut nisi sem, pharetra ullamcorper commodo eget, pulvinar egestas risus. Nullam eleifend, ipsum et pellentesque ornare,
velit purus volutpat nisi, non cursus orci nunc non sem. Vestibulum ante ipsum primis in faucibus orci luctus et
ultrices posuere cubilia curae; Curabitur venenatis auctor dignissim. Aliquam ut lacus erat. Sed eget metus quis lectus
congue scelerisque in vitae neque. Phasellus nec orci nec nisl facilisis semper quis consectetur diam. Vivamus imperdiet
dui sed justo condimentum, id sagittis leo tincidunt. Proin venenatis nibh et nulla vehicula ultricies. Nam blandit
libero id sem tempor ornare. Quisque ipsum ex, congue at tempus ac, convallis vel risus. Nulla facilisi.

### Ut euismod blandit massa quis malesuada
Ut euismod blandit massa quis malesuada. Pellentesque condimentum at ex eu venenatis. Quisque maximus nibh quis tellus
sodales dictum. Vestibulum feugiat lacinia purus, at suscipit elit sollicitudin a. In arcu lacus, ultricies et
scelerisque et, fermentum non dolor. Pellentesque vel nunc nisi. Fusce porttitor nunc lectus, a molestie ante placerat
quis. Fusce pulvinar tincidunt metus et aliquam. Etiam a orci non urna molestie mattis. Donec sed posuere risus. Nullam
ac bibendum ipsum. Ut a volutpat velit.

### Nullam rutrum mauris quis mattis placerat
Nullam rutrum mauris quis mattis placerat. Vestibulum ante ipsum primis in faucibus orci luctus et ultrices posuere
cubilia curae; Fusce vestibulum luctus urna eu blandit. Quisque ornare iaculis lacus, id sodales orci volutpat vitae.
Vestibulum nunc sapien, eleifend id vulputate dapibus, rutrum at odio. Cras vulputate lacus eu ornare ultrices. Quisque
finibus non neque sit amet aliquet. Nam eu mi laoreet, finibus lectus vitae, aliquam dui. Morbi interdum risus sit amet
neque sollicitudin, at tincidunt ligula cursus. Mauris eu sem ac ex accumsan volutpat sed ac metus. Praesent finibus dui
lectus, ac pellentesque felis placerat ac. Aenean dignissim nunc ac risus lacinia, sed viverra ipsum varius. Proin enim
leo, luctus nec volutpat vel, varius vel nulla. Praesent nec justo ligula. Praesent tincidunt fermentum dolor, nec
accumsan tellus luctus non.

### Aliquam erat volutpat
Aliquam erat volutpat. Morbi dapibus mi id justo commodo gravida. Quisque quam sapien, porttitor nec tempus sed,
consequat vitae enim. Proin volutpat pulvinar libero, eu faucibus ligula eleifend at. Praesent aliquet luctus libero, in
semper augue blandit eu. Sed pharetra molestie arcu, in accumsan justo malesuada a. In hac habitasse platea dictumst.
Suspendisse quis mi lacus. Pellentesque eget risus dapibus libero dictum molestie. Donec a tempor tellus. Curabitur
imperdiet, erat ornare faucibus varius, libero turpis vulputate justo, in luctus orci augue eu orci. Nulla vitae sapien
sed eros facilisis fringilla. Nullam eu ligula convallis, pharetra felis eu, ultricies urna. Etiam orci orci, laoreet
vitae quam ac, elementum dapibus enim. Suspendisse potenti. Ut pharetra neque dui, id feugiat tortor congue in.', '2025-02-10 23:59:00', 7, FALSE),
        ('c991e197-d918-4f02-bd00-9a66c69d1777', '4c2d099b-d134-48fa-b054-4814d2f1c111', 'Atal - Uchwala numer 3', '## Lorem ipsum dolor sit amet

Lorem ipsum dolor sit amet, consectetur adipiscing elit. Integer dapibus luctus est sed placerat. Phasellus vitae
feugiat nulla. Aenean nisl quam, hendrerit pulvinar enim in, sagittis eleifend magna. Curabitur in dolor eros. Duis ac
mauris sed massa pellentesque fermentum id ac quam:
- Pellentesque accumsan purus sed sollicitudin posuere.
- Suspendisse ac nibh ac metus bibendum consectetur et commodo ante.
- Etiam ac enim eget enim gravida efficitur non quis turpis.
- Sed eleifend mi eget velit bibendum, a bibendum augue auctor.
- Proin sed tempor tellus.

### Ut nisi sem, pharetra ullamcorper commodo eget
Ut nisi sem, pharetra ullamcorper commodo eget, pulvinar egestas risus. Nullam eleifend, ipsum et pellentesque ornare,
velit purus volutpat nisi, non cursus orci nunc non sem. Vestibulum ante ipsum primis in faucibus orci luctus et
ultrices posuere cubilia curae; Curabitur venenatis auctor dignissim. Aliquam ut lacus erat. Sed eget metus quis lectus
congue scelerisque in vitae neque. Phasellus nec orci nec nisl facilisis semper quis consectetur diam. Vivamus imperdiet
dui sed justo condimentum, id sagittis leo tincidunt. Proin venenatis nibh et nulla vehicula ultricies. Nam blandit
libero id sem tempor ornare. Quisque ipsum ex, congue at tempus ac, convallis vel risus. Nulla facilisi.

### Ut euismod blandit massa quis malesuada
Ut euismod blandit massa quis malesuada. Pellentesque condimentum at ex eu venenatis. Quisque maximus nibh quis tellus
sodales dictum. Vestibulum feugiat lacinia purus, at suscipit elit sollicitudin a. In arcu lacus, ultricies et
scelerisque et, fermentum non dolor. Pellentesque vel nunc nisi. Fusce porttitor nunc lectus, a molestie ante placerat
quis. Fusce pulvinar tincidunt metus et aliquam. Etiam a orci non urna molestie mattis. Donec sed posuere risus. Nullam
ac bibendum ipsum. Ut a volutpat velit.

### Nullam rutrum mauris quis mattis placerat
Nullam rutrum mauris quis mattis placerat. Vestibulum ante ipsum primis in faucibus orci luctus et ultrices posuere
cubilia curae; Fusce vestibulum luctus urna eu blandit. Quisque ornare iaculis lacus, id sodales orci volutpat vitae.
Vestibulum nunc sapien, eleifend id vulputate dapibus, rutrum at odio. Cras vulputate lacus eu ornare ultrices. Quisque
finibus non neque sit amet aliquet. Nam eu mi laoreet, finibus lectus vitae, aliquam dui. Morbi interdum risus sit amet
neque sollicitudin, at tincidunt ligula cursus. Mauris eu sem ac ex accumsan volutpat sed ac metus. Praesent finibus dui
lectus, ac pellentesque felis placerat ac. Aenean dignissim nunc ac risus lacinia, sed viverra ipsum varius. Proin enim
leo, luctus nec volutpat vel, varius vel nulla. Praesent nec justo ligula. Praesent tincidunt fermentum dolor, nec
accumsan tellus luctus non.

### Aliquam erat volutpat
Aliquam erat volutpat. Morbi dapibus mi id justo commodo gravida. Quisque quam sapien, porttitor nec tempus sed,
consequat vitae enim. Proin volutpat pulvinar libero, eu faucibus ligula eleifend at. Praesent aliquet luctus libero, in
semper augue blandit eu. Sed pharetra molestie arcu, in accumsan justo malesuada a. In hac habitasse platea dictumst.
Suspendisse quis mi lacus. Pellentesque eget risus dapibus libero dictum molestie. Donec a tempor tellus. Curabitur
imperdiet, erat ornare faucibus varius, libero turpis vulputate justo, in luctus orci augue eu orci. Nulla vitae sapien
sed eros facilisis fringilla. Nullam eu ligula convallis, pharetra felis eu, ultricies urna. Etiam orci orci, laoreet
vitae quam ac, elementum dapibus enim. Suspendisse potenti. Ut pharetra neque dui, id feugiat tortor congue in.', '2025-03-30 23:59:00', 7, FALSE),
        ('c991e197-d918-4f02-bd00-9a66c69d1888', '4c2d099b-d134-48fa-b054-4814d2f1c111', 'Atal - Uchwala numer 4', '## Lorem ipsum dolor sit amet

Lorem ipsum dolor sit amet, consectetur adipiscing elit. Integer dapibus luctus est sed placerat. Phasellus vitae
feugiat nulla. Aenean nisl quam, hendrerit pulvinar enim in, sagittis eleifend magna. Curabitur in dolor eros. Duis ac
mauris sed massa pellentesque fermentum id ac quam:
- Pellentesque accumsan purus sed sollicitudin posuere.
- Suspendisse ac nibh ac metus bibendum consectetur et commodo ante.
- Etiam ac enim eget enim gravida efficitur non quis turpis.
- Sed eleifend mi eget velit bibendum, a bibendum augue auctor.
- Proin sed tempor tellus.

### Ut nisi sem, pharetra ullamcorper commodo eget
Ut nisi sem, pharetra ullamcorper commodo eget, pulvinar egestas risus. Nullam eleifend, ipsum et pellentesque ornare,
velit purus volutpat nisi, non cursus orci nunc non sem. Vestibulum ante ipsum primis in faucibus orci luctus et
ultrices posuere cubilia curae; Curabitur venenatis auctor dignissim. Aliquam ut lacus erat. Sed eget metus quis lectus
congue scelerisque in vitae neque. Phasellus nec orci nec nisl facilisis semper quis consectetur diam. Vivamus imperdiet
dui sed justo condimentum, id sagittis leo tincidunt. Proin venenatis nibh et nulla vehicula ultricies. Nam blandit
libero id sem tempor ornare. Quisque ipsum ex, congue at tempus ac, convallis vel risus. Nulla facilisi.

### Ut euismod blandit massa quis malesuada
Ut euismod blandit massa quis malesuada. Pellentesque condimentum at ex eu venenatis. Quisque maximus nibh quis tellus
sodales dictum. Vestibulum feugiat lacinia purus, at suscipit elit sollicitudin a. In arcu lacus, ultricies et
scelerisque et, fermentum non dolor. Pellentesque vel nunc nisi. Fusce porttitor nunc lectus, a molestie ante placerat
quis. Fusce pulvinar tincidunt metus et aliquam. Etiam a orci non urna molestie mattis. Donec sed posuere risus. Nullam
ac bibendum ipsum. Ut a volutpat velit.

### Nullam rutrum mauris quis mattis placerat
Nullam rutrum mauris quis mattis placerat. Vestibulum ante ipsum primis in faucibus orci luctus et ultrices posuere
cubilia curae; Fusce vestibulum luctus urna eu blandit. Quisque ornare iaculis lacus, id sodales orci volutpat vitae.
Vestibulum nunc sapien, eleifend id vulputate dapibus, rutrum at odio. Cras vulputate lacus eu ornare ultrices. Quisque
finibus non neque sit amet aliquet. Nam eu mi laoreet, finibus lectus vitae, aliquam dui. Morbi interdum risus sit amet
neque sollicitudin, at tincidunt ligula cursus. Mauris eu sem ac ex accumsan volutpat sed ac metus. Praesent finibus dui
lectus, ac pellentesque felis placerat ac. Aenean dignissim nunc ac risus lacinia, sed viverra ipsum varius. Proin enim
leo, luctus nec volutpat vel, varius vel nulla. Praesent nec justo ligula. Praesent tincidunt fermentum dolor, nec
accumsan tellus luctus non.

### Aliquam erat volutpat
Aliquam erat volutpat. Morbi dapibus mi id justo commodo gravida. Quisque quam sapien, porttitor nec tempus sed,
consequat vitae enim. Proin volutpat pulvinar libero, eu faucibus ligula eleifend at. Praesent aliquet luctus libero, in
semper augue blandit eu. Sed pharetra molestie arcu, in accumsan justo malesuada a. In hac habitasse platea dictumst.
Suspendisse quis mi lacus. Pellentesque eget risus dapibus libero dictum molestie. Donec a tempor tellus. Curabitur
imperdiet, erat ornare faucibus varius, libero turpis vulputate justo, in luctus orci augue eu orci. Nulla vitae sapien
sed eros facilisis fringilla. Nullam eu ligula convallis, pharetra felis eu, ultricies urna. Etiam orci orci, laoreet
vitae quam ac, elementum dapibus enim. Suspendisse potenti. Ut pharetra neque dui, id feugiat tortor congue in.', '2026-07-30 23:59:00', 7, TRUE),
        ('c991e197-d918-4f02-bd00-9a66c69d1444', '4c2d099b-d134-48fa-b054-4814d2f1c111', 'Atal - Uchwala numer 5', '## Lorem ipsum dolor sit amet

Lorem ipsum dolor sit amet, consectetur adipiscing elit. Integer dapibus luctus est sed placerat. Phasellus vitae
feugiat nulla. Aenean nisl quam, hendrerit pulvinar enim in, sagittis eleifend magna. Curabitur in dolor eros. Duis ac
mauris sed massa pellentesque fermentum id ac quam:
- Pellentesque accumsan purus sed sollicitudin posuere.
- Suspendisse ac nibh ac metus bibendum consectetur et commodo ante.
- Etiam ac enim eget enim gravida efficitur non quis turpis.
- Sed eleifend mi eget velit bibendum, a bibendum augue auctor.
- Proin sed tempor tellus.

### Ut nisi sem, pharetra ullamcorper commodo eget
Ut nisi sem, pharetra ullamcorper commodo eget, pulvinar egestas risus. Nullam eleifend, ipsum et pellentesque ornare,
velit purus volutpat nisi, non cursus orci nunc non sem. Vestibulum ante ipsum primis in faucibus orci luctus et
ultrices posuere cubilia curae; Curabitur venenatis auctor dignissim. Aliquam ut lacus erat. Sed eget metus quis lectus
congue scelerisque in vitae neque. Phasellus nec orci nec nisl facilisis semper quis consectetur diam. Vivamus imperdiet
dui sed justo condimentum, id sagittis leo tincidunt. Proin venenatis nibh et nulla vehicula ultricies. Nam blandit
libero id sem tempor ornare. Quisque ipsum ex, congue at tempus ac, convallis vel risus. Nulla facilisi.

### Ut euismod blandit massa quis malesuada
Ut euismod blandit massa quis malesuada. Pellentesque condimentum at ex eu venenatis. Quisque maximus nibh quis tellus
sodales dictum. Vestibulum feugiat lacinia purus, at suscipit elit sollicitudin a. In arcu lacus, ultricies et
scelerisque et, fermentum non dolor. Pellentesque vel nunc nisi. Fusce porttitor nunc lectus, a molestie ante placerat
quis. Fusce pulvinar tincidunt metus et aliquam. Etiam a orci non urna molestie mattis. Donec sed posuere risus. Nullam
ac bibendum ipsum. Ut a volutpat velit.

### Nullam rutrum mauris quis mattis placerat
Nullam rutrum mauris quis mattis placerat. Vestibulum ante ipsum primis in faucibus orci luctus et ultrices posuere
cubilia curae; Fusce vestibulum luctus urna eu blandit. Quisque ornare iaculis lacus, id sodales orci volutpat vitae.
Vestibulum nunc sapien, eleifend id vulputate dapibus, rutrum at odio. Cras vulputate lacus eu ornare ultrices. Quisque
finibus non neque sit amet aliquet. Nam eu mi laoreet, finibus lectus vitae, aliquam dui. Morbi interdum risus sit amet
neque sollicitudin, at tincidunt ligula cursus. Mauris eu sem ac ex accumsan volutpat sed ac metus. Praesent finibus dui
lectus, ac pellentesque felis placerat ac. Aenean dignissim nunc ac risus lacinia, sed viverra ipsum varius. Proin enim
leo, luctus nec volutpat vel, varius vel nulla. Praesent nec justo ligula. Praesent tincidunt fermentum dolor, nec
accumsan tellus luctus non.

### Aliquam erat volutpat
Aliquam erat volutpat. Morbi dapibus mi id justo commodo gravida. Quisque quam sapien, porttitor nec tempus sed,
consequat vitae enim. Proin volutpat pulvinar libero, eu faucibus ligula eleifend at. Praesent aliquet luctus libero, in
semper augue blandit eu. Sed pharetra molestie arcu, in accumsan justo malesuada a. In hac habitasse platea dictumst.
Suspendisse quis mi lacus. Pellentesque eget risus dapibus libero dictum molestie. Donec a tempor tellus. Curabitur
imperdiet, erat ornare faucibus varius, libero turpis vulputate justo, in luctus orci augue eu orci. Nulla vitae sapien
sed eros facilisis fringilla. Nullam eu ligula convallis, pharetra felis eu, ultricies urna. Etiam orci orci, laoreet
vitae quam ac, elementum dapibus enim. Suspendisse potenti. Ut pharetra neque dui, id feugiat tortor congue in.', '2026-07-30 23:59:00', 7, FALSE),
        ('c991e197-d918-4f02-bd00-9a66c69d1999', '4c2d099b-d134-48fa-b054-4814d2f1c333', 'Psie Pole - Uchwala numer 1', '## Lorem ipsum dolor sit amet

Lorem ipsum dolor sit amet, consectetur adipiscing elit. Integer dapibus luctus est sed placerat. Phasellus vitae
feugiat nulla. Aenean nisl quam, hendrerit pulvinar enim in, sagittis eleifend magna. Curabitur in dolor eros. Duis ac
mauris sed massa pellentesque fermentum id ac quam:
- Pellentesque accumsan purus sed sollicitudin posuere.
- Suspendisse ac nibh ac metus bibendum consectetur et commodo ante.
- Etiam ac enim eget enim gravida efficitur non quis turpis.
- Sed eleifend mi eget velit bibendum, a bibendum augue auctor.
- Proin sed tempor tellus.

### Ut nisi sem, pharetra ullamcorper commodo eget
Ut nisi sem, pharetra ullamcorper commodo eget, pulvinar egestas risus. Nullam eleifend, ipsum et pellentesque ornare,
velit purus volutpat nisi, non cursus orci nunc non sem. Vestibulum ante ipsum primis in faucibus orci luctus et
ultrices posuere cubilia curae; Curabitur venenatis auctor dignissim. Aliquam ut lacus erat. Sed eget metus quis lectus
congue scelerisque in vitae neque. Phasellus nec orci nec nisl facilisis semper quis consectetur diam. Vivamus imperdiet
dui sed justo condimentum, id sagittis leo tincidunt. Proin venenatis nibh et nulla vehicula ultricies. Nam blandit
libero id sem tempor ornare. Quisque ipsum ex, congue at tempus ac, convallis vel risus. Nulla facilisi.

### Ut euismod blandit massa quis malesuada
Ut euismod blandit massa quis malesuada. Pellentesque condimentum at ex eu venenatis. Quisque maximus nibh quis tellus
sodales dictum. Vestibulum feugiat lacinia purus, at suscipit elit sollicitudin a. In arcu lacus, ultricies et
scelerisque et, fermentum non dolor. Pellentesque vel nunc nisi. Fusce porttitor nunc lectus, a molestie ante placerat
quis. Fusce pulvinar tincidunt metus et aliquam. Etiam a orci non urna molestie mattis. Donec sed posuere risus. Nullam
ac bibendum ipsum. Ut a volutpat velit.

### Nullam rutrum mauris quis mattis placerat
Nullam rutrum mauris quis mattis placerat. Vestibulum ante ipsum primis in faucibus orci luctus et ultrices posuere
cubilia curae; Fusce vestibulum luctus urna eu blandit. Quisque ornare iaculis lacus, id sodales orci volutpat vitae.
Vestibulum nunc sapien, eleifend id vulputate dapibus, rutrum at odio. Cras vulputate lacus eu ornare ultrices. Quisque
finibus non neque sit amet aliquet. Nam eu mi laoreet, finibus lectus vitae, aliquam dui. Morbi interdum risus sit amet
neque sollicitudin, at tincidunt ligula cursus. Mauris eu sem ac ex accumsan volutpat sed ac metus. Praesent finibus dui
lectus, ac pellentesque felis placerat ac. Aenean dignissim nunc ac risus lacinia, sed viverra ipsum varius. Proin enim
leo, luctus nec volutpat vel, varius vel nulla. Praesent nec justo ligula. Praesent tincidunt fermentum dolor, nec
accumsan tellus luctus non.

### Aliquam erat volutpat
Aliquam erat volutpat. Morbi dapibus mi id justo commodo gravida. Quisque quam sapien, porttitor nec tempus sed,
consequat vitae enim. Proin volutpat pulvinar libero, eu faucibus ligula eleifend at. Praesent aliquet luctus libero, in
semper augue blandit eu. Sed pharetra molestie arcu, in accumsan justo malesuada a. In hac habitasse platea dictumst.
Suspendisse quis mi lacus. Pellentesque eget risus dapibus libero dictum molestie. Donec a tempor tellus. Curabitur
imperdiet, erat ornare faucibus varius, libero turpis vulputate justo, in luctus orci augue eu orci. Nulla vitae sapien
sed eros facilisis fringilla. Nullam eu ligula convallis, pharetra felis eu, ultricies urna. Etiam orci orci, laoreet
vitae quam ac, elementum dapibus enim. Suspendisse potenti. Ut pharetra neque dui, id feugiat tortor congue in.', '2025-03-10 23:59:00', 5, FALSE),
        ('c991e197-d918-4f02-bd00-9a66c69d1000', '4c2d099b-d134-48fa-b054-4814d2f1c333', 'Psie Pole - Uchwala numer 2', '## Lorem ipsum dolor sit amet

Lorem ipsum dolor sit amet, consectetur adipiscing elit. Integer dapibus luctus est sed placerat. Phasellus vitae
feugiat nulla. Aenean nisl quam, hendrerit pulvinar enim in, sagittis eleifend magna. Curabitur in dolor eros. Duis ac
mauris sed massa pellentesque fermentum id ac quam:
- Pellentesque accumsan purus sed sollicitudin posuere.
- Suspendisse ac nibh ac metus bibendum consectetur et commodo ante.
- Etiam ac enim eget enim gravida efficitur non quis turpis.
- Sed eleifend mi eget velit bibendum, a bibendum augue auctor.
- Proin sed tempor tellus.

### Ut nisi sem, pharetra ullamcorper commodo eget
Ut nisi sem, pharetra ullamcorper commodo eget, pulvinar egestas risus. Nullam eleifend, ipsum et pellentesque ornare,
velit purus volutpat nisi, non cursus orci nunc non sem. Vestibulum ante ipsum primis in faucibus orci luctus et
ultrices posuere cubilia curae; Curabitur venenatis auctor dignissim. Aliquam ut lacus erat. Sed eget metus quis lectus
congue scelerisque in vitae neque. Phasellus nec orci nec nisl facilisis semper quis consectetur diam. Vivamus imperdiet
dui sed justo condimentum, id sagittis leo tincidunt. Proin venenatis nibh et nulla vehicula ultricies. Nam blandit
libero id sem tempor ornare. Quisque ipsum ex, congue at tempus ac, convallis vel risus. Nulla facilisi.

### Ut euismod blandit massa quis malesuada
Ut euismod blandit massa quis malesuada. Pellentesque condimentum at ex eu venenatis. Quisque maximus nibh quis tellus
sodales dictum. Vestibulum feugiat lacinia purus, at suscipit elit sollicitudin a. In arcu lacus, ultricies et
scelerisque et, fermentum non dolor. Pellentesque vel nunc nisi. Fusce porttitor nunc lectus, a molestie ante placerat
quis. Fusce pulvinar tincidunt metus et aliquam. Etiam a orci non urna molestie mattis. Donec sed posuere risus. Nullam
ac bibendum ipsum. Ut a volutpat velit.

### Nullam rutrum mauris quis mattis placerat
Nullam rutrum mauris quis mattis placerat. Vestibulum ante ipsum primis in faucibus orci luctus et ultrices posuere
cubilia curae; Fusce vestibulum luctus urna eu blandit. Quisque ornare iaculis lacus, id sodales orci volutpat vitae.
Vestibulum nunc sapien, eleifend id vulputate dapibus, rutrum at odio. Cras vulputate lacus eu ornare ultrices. Quisque
finibus non neque sit amet aliquet. Nam eu mi laoreet, finibus lectus vitae, aliquam dui. Morbi interdum risus sit amet
neque sollicitudin, at tincidunt ligula cursus. Mauris eu sem ac ex accumsan volutpat sed ac metus. Praesent finibus dui
lectus, ac pellentesque felis placerat ac. Aenean dignissim nunc ac risus lacinia, sed viverra ipsum varius. Proin enim
leo, luctus nec volutpat vel, varius vel nulla. Praesent nec justo ligula. Praesent tincidunt fermentum dolor, nec
accumsan tellus luctus non.

### Aliquam erat volutpat
Aliquam erat volutpat. Morbi dapibus mi id justo commodo gravida. Quisque quam sapien, porttitor nec tempus sed,
consequat vitae enim. Proin volutpat pulvinar libero, eu faucibus ligula eleifend at. Praesent aliquet luctus libero, in
semper augue blandit eu. Sed pharetra molestie arcu, in accumsan justo malesuada a. In hac habitasse platea dictumst.
Suspendisse quis mi lacus. Pellentesque eget risus dapibus libero dictum molestie. Donec a tempor tellus. Curabitur
imperdiet, erat ornare faucibus varius, libero turpis vulputate justo, in luctus orci augue eu orci. Nulla vitae sapien
sed eros facilisis fringilla. Nullam eu ligula convallis, pharetra felis eu, ultricies urna. Etiam orci orci, laoreet
vitae quam ac, elementum dapibus enim. Suspendisse potenti. Ut pharetra neque dui, id feugiat tortor congue in.', '2025-06-30 23:59:00', 5, FALSE);

INSERT INTO votes(resolution_id, resident_id, vote)
VALUES ('c991e197-d918-4f02-bd00-9a66c69d1555', 'c708ee2a-5b19-4cf8-ab3d-bbbc923ad444', 'IN_FAVOR'),
       ('c991e197-d918-4f02-bd00-9a66c69d1555', 'c708ee2a-5b19-4cf8-ab3d-bbbc923ad555', 'IN_FAVOR'),
       ('c991e197-d918-4f02-bd00-9a66c69d1555', 'c708ee2a-5b19-4cf8-ab3d-bbbc923ad666', 'IN_FAVOR'),
       ('c991e197-d918-4f02-bd00-9a66c69d1555', 'c708ee2a-5b19-4cf8-ab3d-bbbc923ad777', 'IN_FAVOR'),
       ('c991e197-d918-4f02-bd00-9a66c69d1555', 'c708ee2a-5b19-4cf8-ab3d-bbbc923ad888', 'IN_FAVOR'),
       ('c991e197-d918-4f02-bd00-9a66c69d1555', 'c708ee2a-5b19-4cf8-ab3d-bbbc923ad999', 'IN_FAVOR'),
       ('c991e197-d918-4f02-bd00-9a66c69d1555', 'c708ee2a-5b19-4cf8-ab3d-bbbc923adaaa', 'IN_FAVOR'),
       ('c991e197-d918-4f02-bd00-9a66c69d1555', 'c708ee2a-5b19-4cf8-ab3d-bbbc923adfff', 'AGAINST'),
       ('c991e197-d918-4f02-bd00-9a66c69d1555', 'c708ee2a-5b19-4cf8-ab3d-bbbc923ae999', 'AGAINST'),
       ('c991e197-d918-4f02-bd00-9a66c69d1555', 'c708ee2a-5b19-4cf8-ab3d-bbbc923ad000', 'AGAINST'),

       ('c991e197-d918-4f02-bd00-9a66c69d1666', 'c708ee2a-5b19-4cf8-ab3d-bbbc923ad444', 'IN_FAVOR'),
       ('c991e197-d918-4f02-bd00-9a66c69d1666', 'c708ee2a-5b19-4cf8-ab3d-bbbc923ad555', 'IN_FAVOR'),
       ('c991e197-d918-4f02-bd00-9a66c69d1666', 'c708ee2a-5b19-4cf8-ab3d-bbbc923ad666', 'AGAINST'),
       ('c991e197-d918-4f02-bd00-9a66c69d1666', 'c708ee2a-5b19-4cf8-ab3d-bbbc923ad777', 'AGAINST'),
       ('c991e197-d918-4f02-bd00-9a66c69d1666', 'c708ee2a-5b19-4cf8-ab3d-bbbc923ad888', 'AGAINST'),
       ('c991e197-d918-4f02-bd00-9a66c69d1666', 'c708ee2a-5b19-4cf8-ab3d-bbbc923ad999', 'AGAINST'),
       ('c991e197-d918-4f02-bd00-9a66c69d1666', 'c708ee2a-5b19-4cf8-ab3d-bbbc923adaaa', 'AGAINST'),

       ('c991e197-d918-4f02-bd00-9a66c69d1777', 'c708ee2a-5b19-4cf8-ab3d-bbbc923ad444', 'IN_FAVOR'),
       ('c991e197-d918-4f02-bd00-9a66c69d1777', 'c708ee2a-5b19-4cf8-ab3d-bbbc923ad555', 'IN_FAVOR'),
       ('c991e197-d918-4f02-bd00-9a66c69d1777', 'c708ee2a-5b19-4cf8-ab3d-bbbc923ad777', 'AGAINST'),
       ('c991e197-d918-4f02-bd00-9a66c69d1777', 'c708ee2a-5b19-4cf8-ab3d-bbbc923ad888', 'AGAINST'),

       ('c991e197-d918-4f02-bd00-9a66c69d1888', 'c708ee2a-5b19-4cf8-ab3d-bbbc923ad444', 'IN_FAVOR'),
       ('c991e197-d918-4f02-bd00-9a66c69d1888', 'c708ee2a-5b19-4cf8-ab3d-bbbc923ad555', 'IN_FAVOR'),
       ('c991e197-d918-4f02-bd00-9a66c69d1888', 'c708ee2a-5b19-4cf8-ab3d-bbbc923ad777', 'IN_FAVOR'),
       ('c991e197-d918-4f02-bd00-9a66c69d1888', 'c708ee2a-5b19-4cf8-ab3d-bbbc923ad888', 'IN_FAVOR'),

       ('c991e197-d918-4f02-bd00-9a66c69d1444', 'c708ee2a-5b19-4cf8-ab3d-bbbc923ad444', 'IN_FAVOR'),
       ('c991e197-d918-4f02-bd00-9a66c69d1444', 'c708ee2a-5b19-4cf8-ab3d-bbbc923ad555', 'IN_FAVOR'),
       ('c991e197-d918-4f02-bd00-9a66c69d1444', 'c708ee2a-5b19-4cf8-ab3d-bbbc923ad666', 'IN_FAVOR'),
       ('c991e197-d918-4f02-bd00-9a66c69d1444', 'c708ee2a-5b19-4cf8-ab3d-bbbc923ad777', 'IN_FAVOR'),
       ('c991e197-d918-4f02-bd00-9a66c69d1444', 'c708ee2a-5b19-4cf8-ab3d-bbbc923ad888', 'IN_FAVOR'),
       ('c991e197-d918-4f02-bd00-9a66c69d1444', 'c708ee2a-5b19-4cf8-ab3d-bbbc923ad999', 'IN_FAVOR'),
       ('c991e197-d918-4f02-bd00-9a66c69d1444', 'c708ee2a-5b19-4cf8-ab3d-bbbc923adaaa', 'IN_FAVOR'),
       ('c991e197-d918-4f02-bd00-9a66c69d1444', 'c708ee2a-5b19-4cf8-ab3d-bbbc923adfff', 'IN_FAVOR'),
       ('c991e197-d918-4f02-bd00-9a66c69d1444', 'c708ee2a-5b19-4cf8-ab3d-bbbc923ae999', 'AGAINST'),
       ('c991e197-d918-4f02-bd00-9a66c69d1444', 'c708ee2a-5b19-4cf8-ab3d-bbbc923ad000', 'AGAINST');